elemento,kv,longitud_km,capacidad_mva,edad_anios,propietario,zona,capa_uso,temperatura_media_c,viento_promedio_ms,salinidad_alta
L001,220,132,380,15.8,Transelec,Valparaiso-RM,18,19.33,6.42,1
L002,220,132,380,15.6,Transelec,Valparaiso-RM,18,16.44,9.3,1
L003,220,95,480,17.0,Transelec,RM,18,15.97,7.06,0
L004,220,78,520,16.5,Transelec,RM,18,16.86,6.86,0
L005,220,145,380,17.6,Transelec,RM-OHiggins,18,15.84,6.32,0
L006,220,118,320,16.7,Engie,RM,18,12.73,6.41,0
L007,220,178,380,24.1,Transelec,OHiggins-Maule,9,17.99,4.5,0
L008,220,102,380,14.7,Transelec,Maule,18,19.0,3.29,0
L009,220,162,420,16.2,Transelec,Maule-Biobio,18,15.95,6.53,0
L010,220,91,520,7.9,Transelec,Biobio,90,14.93,6.63,0
L011,220,84,540,21.4,Engie,Biobio,9,15.23,4.11,0
L012,220,72,560,9.9,Transelec,Biobio,90,10.71,5.67,0
L013,220,156,400,16.7,Transelec,Biobio-Araucania,18,17.76,3.03,0
L014,220,88,480,17.5,Enel,Maule,18,12.92,5.32,0
L015,220,96,440,16.4,Engie,OHiggins,18,14.43,6.62,0
L016,220,92,420,14.7,Enel,Maule,18,16.0,5.64,0
L017,220,65,560,12.6,Transelec,RM,18,16.0,2.18,0
